"Carimbo de data/hora","Nome de usuário","Qual seu nome?","Quantos anos você tem?","Onde você mora? (Cidade/Estado)","Você tem carro ou moto?","Pra que você costuma usar seu veículo no dia a dia?","Onde você costuma estacionar seu carro/moto?","Você costuma ter dificuldades para encontrar vaga para estacionar?","Com que frequência?","Quanto tempo, em média, você costuma gastar tentando encontrar uma vaga?","Você consegue resolver esse problema? Se sim, como?","Em um mundo ideal, como você acha que isso poderia ser resolvido?","Você gostaria de fazer parte da equipe de testes de um futuro aplicativo com base nesse seu problema?","",""
"2017/04/16 11:30:46 PM GMT","iasmimserr@gmail.com","Iasmim Serrano","19-24","","Tenho carro","Trabalho;Shoppings;Eventos","Estacionamento","Sim","Praticamente todas as vezes","","Escolhendo os dias certos ","Algo que me ajudasse a ver a disponibilidade antes de sair de casa","Sim","iasmimserr@gmail.com","11975450970"
"2017/04/17 11:49:51 AM GMT","monicakcapalbo@gmail.com","Mônica","19-24","","Não tenho nenhum","","","","","","","","","",""
"2017/04/17 11:57:32 AM GMT","nardesraick@gmail.com","Raick Nardes ","Menos de 18 anos","","Não tenho nenhum","","","","","","","","","",""
"2017/04/17 11:58:05 AM GMT","ailtonribeiro20@gmail.com","Ailton Ribeiro","18-24","","Tenho os dois","Trabalho;Escola / Faculdade;Shoppings;Eventos","Estacionamento","Não","Praticamente todas as vezes","Menos de 15 minutos","","Aumentando redes de estacionamento da Estapar.","Sim","",""
"2017/04/17 11:59:10 AM GMT","fabio2012santoa@gmail.com","fabio silva dos santos","18-24","","Não tenho nenhum","","","","","","","","","",""
"2017/04/17 12:03:36 PM GMT","larissacostarodrigues01@gmail.com","Larissa Rodrigues Costa","18-24","","Não tenho nenhum","","","","","","","","","",""
"2017/04/17 12:03:59 PM GMT","victor.am.ccomp@gmail.com","Victor Angelo Marcorin","25-29","","Tenho carro","Eventos","Na rua","Sim","Depende do dia, mas geralmente não tenho","Menos de 15 minutos","Nunca foi de fato um problema","Bicicletas","Sim","",""
"2017/04/17 12:04:08 PM GMT","niloemanuel@hotmail.com","Nilo Emanuel","18-24","","Tenho carro","Trabalho;Escola / Faculdade","Na rua","Sim","Depende do dia, mas geralmente não tenho","Menos de 15 minutos","","Estacionamento gratuito","Sim","",""
"2017/04/17 12:04:39 PM GMT","danielsogayar@gmail.com","Daniel Siqueira ","Menos de 18 anos","","Não tenho nenhum","","","","","","","","","",""
"2017/04/17 12:06:17 PM GMT","rpaiva.ju@gmail.com","Juliana","18-24","","Não tenho nenhum","","","","","","","","","",""
"2017/04/17 12:06:51 PM GMT","diogobissoni@gmail.com","Diogo","18-24","","Não tenho nenhum","","","","","","","","","",""
"2017/04/17 12:09:30 PM GMT","danyabcesp@gmail.com","Daniela","Mais de 35 anos","","Tenho carro","Trabalho","Estacionamento","Sim","Praticamente todas as vezes","Menos de 15 minutos","","Sinalização de vagas","Sim","",""
"2017/04/17 12:10:11 PM GMT","andre.gledson22@gmail.com","André Gledson","Menos de 18 anos","Opção 1","Não tenho nenhum","","","","","","","","","",""
"2017/04/17 12:13:03 PM GMT","vinicius.cosme@live.com","Vinicius","18-24","São paulo","Não tenho nenhum","","","","","","","","","",""
"2017/04/17 12:13:06 PM GMT","fabiana22barros98@gmail.com","Fabiana","18-24","São Paulo","Não tenho nenhum","","","","","","","","","",""
"2017/04/17 12:17:42 PM GMT","jheni.costa@hotmail.com","Jhenifer Costa ","18-24","Foz do Iguaçu ","Não tenho nenhum","","","","","","","","","",""
"2017/04/17 12:18:44 PM GMT","lvclorenzo@gmail.com","Lorenzo Castro","Menos de 18 anos","Porto Alegre","Não tenho nenhum","","","","","","","","","",""
"2017/04/17 12:24:07 PM GMT","davidygor97@gmail.com","David Ygor","18-24","Belo Horizonte - MG","Tenho moto","Trabalho;Shoppings;Eventos","Na rua","Sim","Depende do dia, mas geralmente não tenho","Menos de 15 minutos","","Criando estacionamentos comunitários (públicos), tipo aquele estacionamento elevado da Volkswagen na Alemanha ou aquele estacionamento rotatório subterrâneo que existe no Japão e é mostrado no Velozes e Furiosos 3; Desafio em Tókio","Sim","",""
"2017/04/17 12:33:37 PM GMT","caio.manoel0800@gmail.com","Caio Manoel","18-24","Arapiraca/Alagoas","Tenho carro","Raramente uso","Na rua","Não","Depende do dia, mas geralmente não tenho","Menos de 15 minutos","Já conheço os locais onde provavelmente terá vagas.","Não faço ideia","Sim","",""
"2017/04/17 12:37:00 PM GMT","igoreduardosardinha@gmail.com","Igor Sardinha","Menos de 18 anos","São paulo","Tenho carro","Trabalho;Escola / Faculdade","Na rua","Não","Depende do dia, mas geralmente não tenho","Entre 15 e 30 minutos","","Todos usarem um transporte alternativo e não poluente, bike por exemplo","Sim","",""
"2017/04/17 12:47:42 PM GMT","gi.alcaraz24@gmail.com","Giovana Alcaraz","18-24","Santo André - SP","Tenho carro","Trabalho;Shoppings;Eventos","Estacionamento","Sim","Praticamente todas as vezes","Menos de 15 minutos","","Havendo mais estacionamentos. ","Sim","",""
"2017/04/17 12:48:10 PM GMT","heitorfidel@live.com","Heitor Nacagami","18-24","Aquidauana-ms","Tenho os dois","Escola / Faculdade;Shoppings","Estacionamento do shopping e da faculdade","Sim","Praticamente todas as vezes","Entre 15 e 30 minutos","","As pessoas estacionamento corretamente e não parando motos bem nos meios das vagas, deixando carros tortos e etc","Sim","",""
"2017/04/17 12:50:17 PM GMT","renanlinogames157@hotmail.com","Renan","18-24","Rondonópolis/MT","Tenho moto","Trabalho;Escola / Faculdade","Na rua","Sim","Depende do dia, mas geralmente não tenho","Menos de 15 minutos","","Nao sei.","Sim","",""
"2017/04/17 12:54:55 PM GMT","stealthfelipe@gmail.com","Felipe","18-24","Várzea Alegre/Ceará","Não tenho nenhum","","","","","","","","","",""
"2017/04/17 1:03:47 PM GMT","stefany_a.s@hotmail.com","Stefany Alves da Silva ","18-24","São Bernardo do Campo-SP","Tenho carro","Para varias coisas, compras, passeios, etc.","Zona Azul","Sim","Praticamente todas as vezes","Entre 15 e 30 minutos","Se após um tempo procurando eu não achar vaga, costumo colocar em um estacionamento ","A fiscalização fosse melhor e os preços dos estacionamentos não fossem tão abusivos","Sim","",""
"2017/04/17 1:14:40 PM GMT","bia.gouveia@hotmail.com","Beatriz Gouveia ","18-24","São Bernardo do Campo/SP","Não tenho nenhum","","","","","","","","","",""
"2017/04/17 1:18:02 PM GMT","vicrochag@hotmail.com","Victória ","18-24","São Paulo/SP","Não tenho nenhum","","","","","","","","","",""
"2017/04/17 1:20:04 PM GMT","lucasfirmo@hotmail.com","Lucas Tonetto Firmo","18-24","Guarulhos/São Paulo","Não tenho nenhum","","","","","","","","","",""
"2017/04/17 1:20:21 PM GMT","hentaisuperhq@hotmail.com","Almivar","25-29","Sao paulo","Tenho carro","Trabalho","Estacionamento","Sim","Praticamente todas as vezes","Entre 15 e 30 minutos","","Estacionamento obrigatório","Sim","",""
"2017/04/17 1:21:19 PM GMT","x.cinthia@hotmail.com","Cinthia batista ","18-24","Brasília/DF","Tenho carro","Trabalho","Na rua","Sim","Praticamente todas as vezes","Menos de 15 minutos","","Existindo mais vagas , talvez. ","Sim","",""
"2017/04/17 1:26:45 PM GMT","pry_27@hotmail.com","Prycilla","25-29","São Paulo/ SP","Tenho carro","Trabalho","Estacionamento","Não","Como estaciono sempre no mesmo lugar não sinto dificuldade, mas raramente qdo saio de carro para outros lugares é bem difícil sim ","Menos de 15 minutos","","Mas estaciomentos, sem preços abusivos. ","Não","",""
"2017/04/17 1:27:17 PM GMT","stefaniemr@hotmail.com","Stéfanie","18-24","São Paulo","Tenho carro","Escola / Faculdade","Na rua","Sim","Praticamente todas as vezes","Menos de 15 minutos","","Com algum aplicativo que me fale sobre as possíveis vagas disponíveis","Sim","",""
"2017/04/17 1:27:20 PM GMT","marc3loss2@outlook.com","Marcelo","Menos de 18 anos","Porto Velho/Rondonia","Não tenho nenhum","","","","","","","","","",""
"2017/04/17 1:27:27 PM GMT","mev_araujo@yahoo.com.br","Marcia Cristina Araujo Hoflinger","Mais de 35 anos","Guarulhos","Tenho carro","Trabalho;Shoppings;Eventos","Estacionamento","Não","Depende do dia, mas geralmente não tenho","Menos de 15 minutos","Sim","Não estou enfrentando nenhum problema","Não","",""
"2017/04/17 1:29:00 PM GMT","jadyabsa10@gmail.com","Jady","18-24","São Paulo SP","Não tenho nenhum","","","","","","","","","",""
"2017/04/17 1:34:05 PM GMT","ademarreis68@hotmail.com","Ademar","Mais de 35 anos","Sao paulo","Tenho carro","Trabalho","Zona Azul","Sim","Praticamente todas as vezes","Menos de 15 minutos","Estacionamento ","Criando bolsoes de estacionamento ","Sim","",""
"2017/04/17 1:34:07 PM GMT","hpunaro@gmail.com","Hugo Punaro","Mais de 35 anos","São Paulo/SP","Tenho carro","Trabalho;Shoppings","Estacionamento","Sim","Praticamente todas as vezes","Menos de 15 minutos","Procurando ","Gostaria que os estabelecimentos tivessem mais vagas.","Sim","",""
"2017/04/17 1:34:48 PM GMT","carolinademn@gmail.com","Carolina de Macedo","18-24","Guarulhos","Não tenho nenhum","","","","","","","","","",""
"2017/04/17 1:39:43 PM GMT","thainafreitascarvalho@outlook.com","Thainá","18-24","Santos/SP","Não tenho nenhum","","","","","","","","","",""
"2017/04/17 1:40:03 PM GMT","joilene2609@hotmail.com","Joilene","30-35","Guarulhos/SO","Tenho carro","Trabalho","Na rua","Sim","Depende do dia, mas geralmente não tenho","Menos de 15 minutos","Sim, procurando vagas","Abrir mais estacionamentos","Sim","",""
"2017/04/17 1:40:04 PM GMT","maufoo@hotmail.com","Maurício","25-29","Guarulhos/SP","Tenho carro","Shoppings;Eventos","Estacionamento","Não","Depende do dia, mas geralmente não tenho","Entre 15 e 30 minutos","","Não sei.","Não","",""
"2017/04/17 1:41:45 PM GMT","vitorteruya@gmail.com","Vitor Teruya","25-29","São Paulo / SP","Não tenho nenhum","","","","","","","","","",""
"2017/04/17 1:47:04 PM GMT","hladini.guerra@gmail.com","hladini","18-24","Vitória","Não tenho nenhum","","","","","","","","","",""
"2017/04/17 1:49:32 PM GMT","lucascorream@gmail.com","Lucas","18-24","Guarulhos/SP","Tenho carro","Trabalho;Shoppings","Estacionamento","Sim","Praticamente todas as vezes","Menos de 15 minutos","Não","Equipe de estacionamento auxiliando localização de vagas","Sim","",""
"2017/04/17 1:50:22 PM GMT","leonardo.cttre@gmail.com","Leonardo","Menos de 18 anos","Primavera do leste, MT","Não tenho nenhum","","","","","","","","","",""
"2017/04/17 1:53:10 PM GMT","bpserafim@gmail.com","Bárbara","18-24","Guarulhos SP","Não tenho nenhum","","","","","","","","","",""
"2017/04/17 1:59:06 PM GMT","paulagonc13@gmail.com","Paula","18-24","Guarulhos/São Paulo","Não tenho nenhum","","","","","","","","","",""
"2017/04/17 2:00:58 PM GMT","camila_falcao@hotmail.com","Camila","25-29","São Paulo/SP","Tenho carro","Trabalho;Shoppings;Eventos","Estacionamento","Sim","Depende do dia, mas geralmente não tenho","Menos de 15 minutos","Gosto do novo sistema de vagas que existem em alguns shoppings, com um sinalizador sobre a vaga.","Acredito que temos muitos carros na rua. No meu mundo ideal o transporte público seria muito melhor.","Não","",""
"2017/04/17 2:01:34 PM GMT","gih_rios@hotmail.com","Giovanna","18-24","Guarulhos / Sp","Tenho carro","Trabalho;Passeios em geral","Na rua","Não","Depende do dia, mas geralmente não tenho","Menos de 15 minutos","Algumas vezes acabo estacionando longe do local que irei visitar, ou desisto e paro em um estacionamento","Ruas com mais vagas disponíveis e estacionamentos com o preço mais acessível.","Sim","",""
"2017/04/17 2:06:52 PM GMT","reis.jhully@hotmail.com","Jhuliany","18-24","Guarulhos sp ","Não tenho nenhum","","","","","","","","","",""
"2017/04/17 2:13:23 PM GMT","gcarol610@gmail.com","Anna Carolina Andradre Santos","Menos de 18 anos","SÃO PAULO","Tenho carro","Trabalho","Estacionamento","Sim","Praticamente todas as vezes","Menos de 15 minutos","Eu fico procurando se eu não acho estacionou na rua mesmo"," Com um APP para estacionamento","Sim","",""
"2017/04/17 2:28:00 PM GMT","lazeli.burian@yahoo.com.br","Lazelí Burian Parpinelli ","Mais de 35 anos","São Paulo/ SP","Tenho carro","Trabalho;Transporte dos filhos;Shoppings;Eventos","Estacionamento","Sim","Praticamente todas as vezes","Entre 15 e 30 minutos","Sim, procurando ou esperando depende do lugar que eu esteja. ","Fazendo estacionamento subterrâneo ou dando prioridade ao transporte coletivo de excelência. ","Sim","",""
"2017/04/17 2:36:19 PM GMT","daniel.ferreira.maltese@hotmail.com","Daniel ","18-24","Guarulhos/São Paulo ","Não tenho nenhum","","","","","","","","","",""
"2017/04/17 2:45:35 PM GMT","Ianzem_HPB@outlook.com","Ian Zem","18-24","São Paulo","Não tenho nenhum","","","","","","","","","",""
"2017/04/17 2:48:07 PM GMT","pablolferreira@yahoo.com.br","Pablo Leão Ferreira","18-24","Belo Horizonte Minas Gerais","Não tenho nenhum","","","","","","","","","",""
"2017/04/17 2:50:41 PM GMT","nicollas.nobrega@gmail.com","Nicollas","18-24","São paulo - SP","Tenho carro","Trabalho;Escola / Faculdade","Na rua","Sim","Depende do dia, mas geralmente não tenho","Menos de 15 minutos","","Transporte publico de qualidade","Sim","",""
"2017/04/17 2:57:22 PM GMT","israelcastroayres@hotmail.com","Israel","Menos de 18 anos","Belo Horizonte/MG","Não tenho nenhum","","","","","","","","","",""
"2017/04/17 3:02:57 PM GMT","guilhermejoseg2006@gmail.com","Guilherme José","Menos de 18 anos","Maravilhas Minas Gerais","Não tenho nenhum","","","","","","","","","",""
"2017/04/17 3:24:15 PM GMT","berrettamoraes@uol.com.br","Bianxa","Mais de 35 anos","Jacarei . São Paulo ","Tenho carro","Escola / Faculdade;Eventos;Supermercado. Academia. Medicos ","Zona Azul","Não","Depende do dia, mas geralmente não tenho","Menos de 15 minutos","Coloco em estacionamento. Na verdade a pergunta onde costumo estacionar meu carro deveria ter dupla escolha. Pois qdo não consigo estacionado o na rua, coloco no estacionamento. ","Aqui em Jacareí não há muitos problemas em estacionar. Acho que esta pergunta vale mais para cidades grandes. ","Sim","",""
"2017/04/17 3:37:57 PM GMT","mari_jb.hp@hotmail.com","Mariana ","18-24","São Paulo - São Paulo ","Não tenho nenhum","","","","","","","","","",""
"2017/04/17 3:38:05 PM GMT","matheusbsn@gmail.com","Matheus","Menos de 18 anos","Araguaína TO","Não tenho nenhum","","","","","","","","","",""
"2017/04/17 3:39:31 PM GMT","biacs47@gmail.com","Beatriz","18-24","São Paulo","Não tenho nenhum","","","","","","","","","",""
"2017/04/17 3:46:20 PM GMT","gabiassuncao6@gmail.com","Gabriella","18-24","São Paulo","Não tenho nenhum","","","","","","","","","",""
"2017/04/17 3:48:06 PM GMT","bruno.serrano91@gmail.com","Bruno","25-29","São Paulo","Tenho os dois","Trabalho;Transporte dos filhos","Na rua","Sim","Depende do dia, mas geralmente não tenho","Entre 15 e 30 minutos","Aguardando","Estacionamentos sem custo e subterrâneo.","Sim","",""
"2017/04/17 3:51:25 PM GMT","cesartimao11@gmail.com","Cesar Augusto","Menos de 18 anos","","Não tenho nenhum","","","","","","","","","",""
"2017/04/17 3:52:11 PM GMT","rodrigoabcesp2001@gmail.com","Rodrigo","Menos de 18 anos","Sao paulo ","Não tenho nenhum","","","","","","","","","",""
"2017/04/17 3:52:28 PM GMT","amanda_fsouza@hotmail.com.br","Amanda Souza","18-24","São Paulo","Não tenho nenhum","","","","","","","","","",""
"2017/04/17 3:53:22 PM GMT","marcok.capalbo@gmail.com","Marco","Mais de 35 anos","São Paulo/São Paulo","Tenho carro","Trabalho;Transporte dos filhos;Shoppings","Estacionamento","Sim","Depende do dia, mas geralmente não tenho","Menos de 15 minutos","","Seria resolvido se, de alguma forma, pudéssemos saber se há vaga no local.","Sim","",""
"2017/04/17 3:54:28 PM GMT","walissinofc@gmail.com","Walisson Douglas ","18-24","Sao paulo","Não tenho nenhum","","","","","","","","","",""
"2017/04/17 4:01:10 PM GMT","michaellrg@gmail.com","Michaell Reis Gasparini","25-29","Cotia/SP","Tenho carro","Shoppings;Eventos","Estacionamento","Sim","Depende do dia, mas geralmente não tenho","Entre 15 e 30 minutos","","Indicando com integração às ferramentas disponíveis os menores valores da região.","Sim","",""
"2017/04/17 4:01:37 PM GMT","gysa.santos.74@gmail.com","Gisele","Mais de 35 anos","São Paulo ","Tenho carro","Trabalho;Shoppings","Estacionamento","Sim","Praticamente todas as vezes","Menos de 15 minutos","Rodando no estacionamento","Sim","Sim","",""
"2017/04/17 4:06:56 PM GMT","laryssa.d.r.silva@gmail.com","Laryssa Dantas","Menos de 18 anos","São Paulo/ Sp","Não tenho nenhum","","","","","","","","","",""
"2017/04/17 4:09:30 PM GMT","familiadds@hotmail.com","Diego","30-35","Sao paulo","Tenho os dois","Trabalho;Transporte dos filhos","Na rua","Sim","Praticamente todas as vezes","Menos de 15 minutos","","Com preço mais acessivel nos estacionamento ","Sim","",""
"2017/04/17 4:10:24 PM GMT","lucasmariano@outlook.com","Lucas","25-29","Brasília-DF","Tenho carro","Trabalho;Shoppings;Eventos","Estacionamento","Não","Depende do dia, mas geralmente não tenho","Menos de 15 minutos","","Menos carros nas ruas devido a valorização do transporte público.","Sim","",""
"2017/04/17 4:11:03 PM GMT","karin@biolabnordeste.com.br","Karin Kieling","30-35","Sp","Tenho carro","Trabalho;Escola / Faculdade;Transporte dos filhos;Eventos","Na rua","Sim","Depende do dia, mas geralmente não tenho","Menos de 15 minutos","Nao me importo em deixar o carro em lcal que precise caminhar um pouco e caso nao haja vaga nas proximidades ou seja local inseguro, paho estacionamento","Menos veiculos em circulacao/ egoismo; mais transporte compartilhado, seja ele publico ou privado. E mais seguranca, local para bicicletas.","Não","",""
"2017/04/17 4:11:33 PM GMT","stephaniefeijo@hotmail.com","Stephanie Feijó ","18-24","Guarulhos ","Não tenho nenhum","","","","","","","","","",""
"2017/04/17 4:11:46 PM GMT","bianca.marcan@gmail.com","Byanka","18-24","São Paulo","Não tenho nenhum","","","","","","","","","",""
"2017/04/17 4:15:13 PM GMT","feeh_torrees@hotmail.com","Fernando ","18-24","São Paulo ","Tenho carro","Trabalho","Na rua","Sim","Praticamente todas as vezes","Menos de 15 minutos","Com paciência e com auxílio de alguém.","Estacionamento gratuito.","Não","",""
"2017/04/17 4:15:21 PM GMT","reginaauau@gmail.com","Regina","Mais de 35 anos","São Paulo - SP","Tenho carro","Trabalho;Shoppings","Estacionamento","Não","Depende do dia, mas geralmente não tenho","Menos de 15 minutos","Sim. .procurando vagas ou largo c o manobrista.","Mais areas c oportunidade de vagas.","Não","",""
"2017/04/17 4:21:09 PM GMT","basousasilva@gmail.com","Barbara","Menos de 18 anos","Guarulhos -SP","Não tenho nenhum","","","","","","","","","",""
"2017/04/17 4:23:58 PM GMT","gamboamurilo@gmail.com","Murilo Henrique Gambôa de Melo","18-24","Santo André SP","Não tenho nenhum","","","","","","","","","",""
"2017/04/17 4:26:47 PM GMT","talita.cascarelli@gmail.com","Talita","18-24","São Paulo","Não tenho nenhum","","","","","","","","","",""
"2017/04/17 4:52:05 PM GMT","cavazzanileonardo@gmail.com","Leonardo","18-24","Sp/Sp","Tenho carro","Trabalho;Shoppings;Eventos","Estacionamento","Sim","Praticamente todas as vezes","Entre 15 e 30 minutos","Pagando Estacionamento","Nao sei","Sim","",""
"2017/04/17 5:00:23 PM GMT","eriknakagawa@outlook.com","Erik","Menos de 18 anos","guarulhos/sp","Não tenho nenhum","","","","","","","","","",""
"2017/04/17 5:03:01 PM GMT","viniciussalvador666@gmail.com","Vinícius","18-24","Tocantins-MG","Não tenho nenhum","","","","","","","","","",""
"2017/04/17 5:07:28 PM GMT","margarethserrano@gmail.com","Margareth","Mais de 35 anos","São Paulo","Tenho carro","Trabalho;Eventos","Estacionamento","Sim","Praticamente todas as vezes","Menos de 15 minutos","Estacionamento..","Tipo Google mapas ao vivo...","Sim","",""
"2017/04/17 5:11:56 PM GMT","leonardo03094@gmail.com","Leonardo santos","18-24","São paulo - sp","Tenho carro","Trabalho;Escola / Faculdade;Shoppings;Eventos","Estacionamento","Sim","Praticamente todas as vezes","Menos de 15 minutos","","As pessoas não usando carros próprios","Sim","",""
"2017/04/17 5:17:50 PM GMT","maahnunes@icloud.com","Mateus Nunes de Oliveira","18-24","São Paulo","Não tenho nenhum","","","","","","","","","",""
"2017/04/17 5:19:06 PM GMT","matheusmartins013@gmail.com","Matheus","18-24","São Paulo/São Paulo","Tenho carro","Shoppings;Eventos","Na rua","Não","Depende do dia, mas geralmente não tenho","Menos de 15 minutos","","Otimizando o transporte público.","Sim","",""
"2017/04/17 5:19:35 PM GMT","jeanesilveira14@gmail.com","Jeane","18-24","Sao Paulo-SP","Não tenho nenhum","","","","","","","","","",""
"2017/04/17 5:22:44 PM GMT","tassiobruno_leite7@hotmail.com","Tássio Bruno Leite","Menos de 18 anos","Desterro/PB","Não tenho nenhum","","","","","","","","","",""
"2017/04/17 5:29:22 PM GMT","jvictorbispo2010@hotmail.com","Joã Victor","Menos de 18 anos","Mauá - SP","Tenho carro","Trabalho;Shoppings;Eventos","Estacionamento","Não","Depende do dia, mas geralmente não tenho","Entre 15 e 30 minutos","","Com mais estacionamentos ou estacionamentos com preços acessíveis ","Sim","",""
"2017/04/17 5:37:26 PM GMT","daniel_bruna_monitor@hotmail.com","Daniel Bohn","25-29","Venâncio Aires/RS","Tenho carro","Trabalho","Na rua","Não","Praticamente todas as vezes","Menos de 15 minutos","","Ter mais estacionamentos","Não","",""
"2017/04/17 5:52:07 PM GMT","lukasoliveira671@gmail.com","Lukas Oliveira","18-24","Belo Horizonte - MG","Tenho os dois","Trabalho;Escola / Faculdade","Na rua","Não","Depende do dia, mas geralmente não tenho","Menos de 15 minutos","Acho que com a criação de mais estacionamentos.","Com estacionamentos mais baratos e mais acessíveis.","Sim","",""
"2017/04/17 5:54:40 PM GMT","leticia.medalskas98@gmail.com","leticia","18-24","","Não tenho nenhum","","","","","","","","","",""
"2017/04/17 6:02:11 PM GMT","luana_zanin3@hotmail.com","Luana","25-29","Guarulhos SP","Tenho carro","Trabalho;Escola / Faculdade;Shoppings;Eventos","Estacionamento","Não","Depende do dia, mas geralmente não tenho","Menos de 15 minutos","","Melhora no transporte público. 
Estacionamento com preço menos abusivos.

","Sim","",""
"2017/04/17 6:08:03 PM GMT","giovanna.mazone@gmail.com","Giovanna Mazone","18-24","São Paulo ","Não tenho nenhum","","","","","","","","","",""
"2017/04/17 6:11:26 PM GMT","jessy.santos72@gmail.com","Jessica dos Santos Pereira","18-24","Cajamar-SP","Não tenho nenhum","","","","","","","","","",""
"2017/04/17 6:11:45 PM GMT","Diego.oliveira_silva@outlook.com.br","Diego","18-24","São Paulo - SP","Não tenho nenhum","","","","","","","","","",""
"2017/04/17 6:13:22 PM GMT","jaqueventurim@gmail.com","Jaqueline","25-29","São Paulo/SP","Tenho carro","Trabalho;Escola / Faculdade","Na rua","Não","Depende do dia, mas geralmente não tenho","Menos de 15 minutos","","Menos carros na ruas e rotinas mais flexíveis.","Não","",""
"2017/04/17 6:14:20 PM GMT","vitor-savedra@outlook.com","Vitor","18-24","São Paulo","Tenho carro","Trabalho;Eventos","Na rua","Sim","Praticamente todas as vezes","Entre 15 e 30 minutos","Na maior parte das vezes, fico rodando as ruas em volta da localidade até encontrar uma vaga.","Com um aplicativo que apontasse estacionamentos próximos e a preços justos. Na maior parte das vezes, até encontramos estacionamentos, mas são absurdamente caros.","Sim","",""
"2017/04/17 6:15:30 PM GMT","Kprescinato@gmail.com","Karine","Menos de 18 anos","SP ","Não tenho nenhum","","","","","","","","","",""
"2017/04/17 6:17:37 PM GMT","let.petarnela@gmail.com","Leticia ","18-24","Barueri - SP","Tenho carro","Trabalho;Escola / Faculdade;Shoppings","Estacionamento","Sim","Praticamente todas as vezes","Entre 15 e 30 minutos","Procurando vaga, e muita paciência ","Adoro aquelas soluções de shopping que indica quantas vagas por setor/rua, mas não acredito que seja facilmente aplicado em grandes cidades ","Sim","",""
"2017/04/17 6:23:49 PM GMT","marianapezarini@handtalk.me","Mariana Pezarini","25-29","São Paulo - SP","Não tenho nenhum","","","","","","","","","",""
"2017/04/17 6:25:24 PM GMT","melissa.mendes954@gmail.com","Melissa Mendes ","Menos de 18 anos","Guarulhos SP","Não tenho nenhum","","","","","","","","","",""
"2017/04/17 6:29:49 PM GMT","naramicaele@gmail.com","Taynara Micaele","18-24","São Paulo","Não tenho nenhum","","","","","","","","","",""
"2017/04/17 6:45:14 PM GMT","riquebcpires@hotmail.com","Henrique","18-24","São Paulo ","Não tenho nenhum","","","","","","","","","",""
"2017/04/17 6:49:47 PM GMT","romeuhr@al.insper.edu.br","Romeu rechdan","25-29","Sao paulo sp","Tenho carro","Trabalho","Na rua","Sim","Depende do dia, mas geralmente não tenho","Entre 15 e 30 minutos","Procurando vaga se nao encontro pagovestacionamento","Pagando estacionamento ou indo de uber","Não","",""
"2017/04/17 6:51:56 PM GMT","cah_ly@hotmail.com","Camila Campos","18-24","Dourados-ms ","Não tenho nenhum","","","","","","","","","",""
"2017/04/17 7:07:17 PM GMT","antonioliver73@gmail.com","Antonio","Mais de 35 anos","São Paulo - S.p.","Tenho carro","Trabalho","Na rua","Sim","Praticamente todas as vezes","Entre 15 e 30 minutos","","Não faço ideia porque para mim é muito complexo.","Sim","",""
"2017/04/17 7:12:51 PM GMT","mayaramgd@gmail.com","Mayara","Menos de 18 anos","Diadema","Não tenho nenhum","","","","","","","","","",""
"2017/04/17 7:15:01 PM GMT","thaisrpuc@gmail.com","Thais","18-24","São Paulo","Não tenho nenhum","","","","","","","","","",""
"2017/04/17 7:33:44 PM GMT","mbfurlan@hotmail.com","Magda","Mais de 35 anos","São  José dos Campos  SP","Tenho carro","Trabalho;Shoppings;Eventos;Rotina semanal","Estacionamento","Não","Praticamente todas as vezes","Menos de 15 minutos","Não é um problema ","Estacionamentos com um custo para doação ","Não","",""
"2017/04/17 7:40:04 PM GMT","natalia@agilmanutencao.com","Natalia","30-35","São Paulo SP","Tenho carro","Trabalho","Na rua","Não","Depende do dia, mas geralmente não tenho","Menos de 15 minutos","","Menos faixas de ônibus ","Sim","",""
"2017/04/17 8:00:34 PM GMT","jcmonzem@hotmail.com","Julio Cesar Kenji Monzem","18-24","São Paulo/SP","Não tenho nenhum","","","","","","","","","",""
"2017/04/17 8:01:43 PM GMT","jenmanu2@gmail.com","Jennifer ","18-24","Santa Luzia / Mg","Não tenho nenhum","","","","","","","","","",""
"2017/04/17 8:11:15 PM GMT","guilherme.pereira982@hotmail.com","Guilherme","Menos de 18 anos","Ceará","Não tenho nenhum","","","","","","","","","",""
"2017/04/17 8:32:28 PM GMT","efattu@hotmail.com","Fernanda","25-29","São Paulo (state)","Não tenho nenhum","","","","","","","","","",""
"2017/04/17 8:34:43 PM GMT","ju.piece@gmail.com","Eduado Junior","18-24","São Paulo - SP","Não tenho nenhum","","","","","","","","","",""
"2017/04/17 8:39:28 PM GMT","felipewmalheirow@hotmail.com","Felipe Malheiro","18-24","Rio de janeiro","Tenho os dois","Escola / Faculdade","Estacionamento","Sim","Depende do dia, mas geralmente não tenho","Menos de 15 minutos","","Prédios que são só estacionamento","Sim","",""
"2017/04/17 8:46:54 PM GMT","o.g.g.gar0@gmail.com","Olavo","Mais de 35 anos","Sp/Sp","Tenho carro","Passeio","Na rua","Sim","Depende do dia, mas geralmente não tenho","Menos de 15 minutos","Procurando um lugar mais longe.","Em um mundo real não necessitaríamos de veículos privados.","Não","",""
"2017/04/17 8:52:52 PM GMT","lucaspalacioesquerdo@gmail.com","Lucas","18-24","São Paulo","Tenho carro","Shoppings;Eventos","Estacionamento","Sim","Depende do dia, mas geralmente não tenho","Menos de 15 minutos","O problema real é a desorganização dos estacionamentos no geral e não a habilidade dos motoristas de estacionar.","Sim","Não","",""
"2017/04/17 9:09:59 PM GMT","milenacarolinrcordeiro@gmail.com","Milena ","18-24","Curitiba/Paraná","Não tenho nenhum","","","","","","","","","",""
"2017/04/17 9:11:32 PM GMT","julay001@hotmail.com","Julio Cesar","18-24","Piracicaba/SP","Não tenho nenhum","","","","","","","","","",""
"2017/04/17 9:19:32 PM GMT","gilvan82ask@hotmail.com","Gilvan","18-24","Salvador- BA","Não tenho nenhum","","","","","","","","","",""
"2017/04/17 9:27:09 PM GMT","giovanna.gabriel0205@gmail.com","Giovanna Gabriel ","18-24","Guarulhos SP","Tenho carro","Trabalho;Escola / Faculdade;Shoppings;Eventos","Estacionamento","Sim","Praticamente todas as vezes","Entre 15 e 30 minutos","Não ","Transporte público mais agradável fácil de usar. ","Sim","",""
"2017/04/17 9:41:43 PM GMT","lari.rodrigue@gmail.com","Larissa","18-24","São Paulo-SP","Tenho carro","Escola / Faculdade;Transporte dos filhos;Shoppings","Na rua","Sim","Praticamente todas as vezes","Entre 15 e 30 minutos","","melhoria no transporte público","Não","",""
"2017/04/17 10:20:49 PM GMT","avila.vinicius@live.com","Vinicius Avila Brigidio ","18-24","Guarulhos/SP","Tenho carro","Trabalho;Escola / Faculdade;Shoppings;Eventos","Na rua","Sim","Praticamente todas as vezes","Menos de 15 minutos","Às vezes, me distancio um pouco do local, onde costuma estar mais vazio.","Com estacionamentos mais baratos, eu estacionaria com maior tranquilidade, sem precisar parar na rua.","Sim","",""
"2017/04/17 11:06:55 PM GMT","oimechamoroberta@gmail.com","Roberta Giovanelli Nunes ","18-24","São Paulo","Não tenho nenhum","","","","","","","","","",""
"2017/04/17 11:08:17 PM GMT","AleqsiPaixao@gmail.com","Alex","18-24","Leme-S","Não tenho nenhum","","","","","","","","","",""
"2017/04/17 11:09:34 PM GMT","thainaalves.06@usp.br","Thaina","18-24","São Paulo","Não tenho nenhum","","","","","","","","","",""
"2017/04/17 11:22:31 PM GMT","auribat1@hotmail.com","Mauricio Batista ","Mais de 35 anos","São Paulo -SP","Tenho carro","Transporte dos filhos","Na rua","Sim","Depende do dia, mas geralmente não tenho","Menos de 15 minutos","Por parar na rua, vou me distanciando do local desejado, para arrumar uma vaga. ","Em Portugal, quase todos os lugares, você tem estacionamento no sub solo, e preço de zona azul, com equipamentos 24hrs para pagamento. ","Sim","",""
"2017/04/17 11:32:06 PM GMT","amandapilar2010@hotmail.com","Amanda pilar","Menos de 18 anos","Curitiba","Não tenho nenhum","","","","","","","","","",""
"2017/04/17 11:35:05 PM GMT","thayna.gomes9@hotmail.com","Thayna","Menos de 18 anos","Sao paulo","Não tenho nenhum","","","","","","","","","",""
"2017/04/18 12:17:21 AM GMT","fvwinkler@hotmail.com","Fabiana Valente Winkler","Mais de 35 anos","São Paulo / São Paulo ","Tenho carro","Transporte dos filhos","Estacionamento","Não","Depende do dia, mas geralmente não tenho","Menos de 15 minutos","Sim , encontrando uma vaga","Tendo mais vagas nas ruas ","Não","",""
"2017/04/18 12:46:11 AM GMT","mirela_ldeoliveira@hotmail.com","Mirela","18-24","São Paulo","Não tenho nenhum","","","","","","","","","",""
"2017/04/18 1:02:43 AM GMT","silvana.cleide@hotmail.com","Michelly","Menos de 18 anos","São Bernardo do Campo","Não tenho nenhum","","","","","","","","","",""
"2017/04/18 1:24:18 AM GMT","ta.tanzi@live.com","Tainã ","18-24","São Paulo","Não tenho nenhum","","","","","","","","","",""
"2017/04/18 2:02:13 AM GMT","fillvocklarissa@gmail.com","Larissa Fillvock ","Menos de 18 anos","São Paulo / SP","Não tenho nenhum","","","","","","","","","",""
"2017/04/18 2:20:41 AM GMT","amandassmarques@gmail.com","Amanda Marques","18-24","Campinas/São Paulo","Não tenho nenhum","","","","","","","","","",""
"2017/04/18 2:38:15 AM GMT","leonardo.eoliveira@gmail.com","Leonardo","18-24","São Paulo - SP ","Tenho carro","Trabalho;Escola / Faculdade;Shoppings","Estacionamento","Sim","Praticamente todas as vezes","Menos de 15 minutos","Não. Geralmente tenho que colocar em um estacionamento pego","Estacionamentos verticais ","Sim","",""
"2017/04/18 3:30:46 AM GMT","dguilherme@hotmail.com","Kleber","30-35","Guarulhos / sp ","Tenho carro","Trabalho;Escola / Faculdade","Zona Azul","Sim","Praticamente todas as vezes","Menos de 15 minutos","Sim, rodando algumas vezes até achar uma vaga .","Mais locais para estacionar .","Não","",""
"2017/04/18 3:55:29 PM GMT","lucas-dourado97@hotmail.com","lucas dourado","18-24","São Paulo - SP","Não tenho nenhum","","","","","","","","","",""
"2017/04/18 4:45:51 PM GMT","hiltonvannucci@gmail.com","Hilton Vannucci","18-24","Guarulhos/SP e São Paulo/SP","Tenho os dois","Trabalho;Escola / Faculdade;Shoppings;Eventos;Tudo, tirando o que é bem próximo","Na rua","Sim","Praticamente todas as vezes","Menos de 15 minutos","Acordo mais cedo","Aumento do transporte público coletivo com QUALIDADE e alguns estacionamentos verticais.","Sim","",""
"2017/04/18 7:12:37 PM GMT","Diego_potrafkes@hotmail.com","Diego Potrafke Fonseca","30-35","São Paulo","Tenho carro","Trabalho;Transporte dos filhos;Shoppings;Eventos","Estacionamento","Sim","Praticamente todas as vezes","Menos de 15 minutos","Estacionamentos Pagos","Difícil com a quantidade de Carros e Motos que temos hoje em dia.","Sim","",""
"2017/04/18 7:37:28 PM GMT","edinaldojo@gmail.com","Edinaldo","Mais de 35 anos","Curitiba","Tenho carro","Diversos","Estacionamento","Não","Depende do dia, mas geralmente não tenho","Menos de 15 minutos","Sorte","Fazendo as coisas de transporte coletivo","Não","",""
"2017/04/18 9:45:42 PM GMT","carlos_hmp77@hotmail.com","Carlos Henrique Mendonça Peixoto","18-24","Dourados/MS","Tenho carro","Trabalho;Escola / Faculdade;Shoppings","Na rua","Sim","Depende do dia, mas geralmente não tenho","Menos de 15 minutos","Geralmente estacionando em um lugar mais afastado","Uso de bicicletas e transporte público adequado ","Não","",""
"2017/04/18 10:30:35 PM GMT","mateussilvavidal198@gmail.com","Mateus","18-24","São Paulo/São Paulo","Não tenho nenhum","","","","","","","","","",""
"2017/04/19 7:36:24 AM GMT","wanderson.joaquim510@gmail.com","Wanderson","18-24","São paulo","Não tenho nenhum","","","","","","","","","",""
"2017/04/19 2:49:30 PM GMT","viviane_eiko@hotmail.com","Viviane","Mais de 35 anos","SAO PAULO","Tenho carro","Trabalho;Escola / Faculdade;Shoppings","Estacionamento","Sim","Praticamente todas as vezes","Menos de 15 minutos","Estacionamentos particulares ","Sem sugestões","Não","",""
"2017/04/19 3:41:24 PM GMT","marcia_tiossa@hotmail.com","Marcia","Mais de 35 anos","Sao Paulo/SP","Tenho carro","Trabalho;Transporte dos filhos;Shoppings;Bom","Estacionamento","Sim","Depende do dia, mas geralmente não tenho","Menos de 15 minutos","Dando voltas, ou quando encontra um estacionamento a preço acessível.","Utilizando mais o transporte público","Não","",""
"2017/04/19 3:46:17 PM GMT","sidneyh@uol.com.br","cristina","Mais de 35 anos","sao paulo","Não tenho nenhum","","","","","","","","","",""
"2017/04/19 4:07:33 PM GMT","jessy.santos72@gmail.com","Jessica Dos Santos","18-24","Cajamar - SP","Não tenho nenhum","","","","","","","","","",""
"2017/04/19 10:43:31 PM GMT","brunogalves4@hotmail.com","Bruno","25-29","São paulo","Tenho os dois","Trabalho;Escola / Faculdade;Shoppings;Eventos","Estacionamento","Sim","Depende do dia, mas geralmente não tenho","Menos de 15 minutos","Depende da região, se for estacionamento de shopping, tem aqueles indicadores de vagas","Indicadores via chão ou teto","Sim","",""
"2017/04/19 10:46:46 PM GMT","marlonking182@gmail.com","Marlon ","25-29","Sao Paulo","Tenho carro","Lazer","Na rua","Sim","Depende do dia, mas geralmente não tenho","Menos de 15 minutos","Sim,achando vaga klkl","Um mapa que mostraria os locais que podem estacionar e a vaga.","Sim","",""
"2017/04/19 10:52:58 PM GMT","angelicaagda01@gmail.com","Angélica Ágda","30-35","São Paulo - SP","Não tenho nenhum","","","","","","","","","",""
"2017/04/19 11:20:59 PM GMT","hugojb25@gmail.com","Hugo","30-35","São Paulo","Não tenho nenhum","","","","","","","","","",""
"2017/04/20 12:23:58 AM GMT","leitecarolline@gmail.com","Carolline ","18-24","São Paulo ","Não tenho nenhum","","","","","","","","","",""
"2017/04/20 1:41:33 AM GMT","raquelfbranco@gmail.com","Raquel de Freitas Branco","18-24","São Roque/SP","Tenho carro","Trabalho;Escola / Faculdade;Shoppings;Eventos","Na rua","Sim","Praticamente todas as vezes","Menos de 15 minutos","Estacionamento","Acho que com a quantidade de carros, é bem difícil! ","Sim","",""
"2017/04/20 2:26:16 PM GMT","bruno.tamai@gmail.com","Bruno tamai","18-24","São paulo","Não tenho nenhum","","","","","","","","","",""
"2017/04/20 2:44:59 PM GMT","ramon_yugi@hotmail.com","Ramon","18-24","SP","Tenho carro","Dar role por ai","Na rua","Não","Depende do dia, mas geralmente não tenho","Menos de 15 minutos","","Mais vagas, menos carros","Não","",""
"2017/04/20 3:39:15 PM GMT","valdemirlx@gmail.com","Valdemir de Lima Xavier ","Mais de 35 anos","São Paulo","Tenho carro","Eventos","Na rua","Sim","Praticamente todas as vezes","Entre 15 e 30 minutos","Dando várias voltas no quarteirão até desocupar uma vaga","Mais transporte público ","Sim","",""
"2017/04/20 4:35:20 PM GMT","matlivebr@hotmail.com","Roberval","18-24","São PAULO/SÃO PAULO","Não tenho nenhum","","","","","","","","","",""
"2017/04/20 4:57:12 PM GMT","lucas.yan97@hotmail.com","Lucas Yan","18-24","São Paulo/SP","Tenho carro","Para lugares q nao vale a pena ir de onibus","Na rua","Sim","Depende do dia, mas geralmente não tenho","Menos de 15 minutos","sim , procurando um lugar mais distante ","Tendo mais estacionamentos e mais baratos","Sim","",""
"2017/04/20 9:07:23 PM GMT","lucassgv2014@gmail.com","Lucas ","18-24","São Paulo - SP","Tenho carro","Shoppings;Eventos","Na rua","Sim","Praticamente todas as vezes","Menos de 15 minutos","Esperando uma vaga e ficando atento","Mais estacionamentos ","Sim","",""
"2017/04/23 12:39:03 AM GMT","thamyris.andrade@usp.br","Thamyris ","18-24","Caieiras/São Paulo","Não tenho nenhum","","","","","","","","","",""
"2017/04/27 6:39:51 PM GMT","rs50879@gmail.com","Ricardo ","18-24","São Paulo ","Não tenho nenhum","","","","","","","","","",""
"2017/04/28 12:01:21 PM GMT","melissa.baute@hotmail.com","Melissa","18-24","São paulo","Não tenho nenhum","","","","","","","","","",""